Client,Time,Cpu,Gpu,Load,Temp,Ram
7901508c-304f-49aa-b84f-957c33ae6f8a,2026-01-13T09:26:52Z,0,0,0,0,0
7901508c-304f-49aa-b84f-957c33ae6f8a,2026-01-13T09:25:52Z,1,1,1,1,1
7901508c-304f-49aa-b84f-957c33ae6f8a,2026-01-13T09:24:52Z,2,2,2,2,2
7901508c-304f-49aa-b84f-957c33ae6f8a,2026-01-13T09:23:52Z,3,3,3,3,3
7901508c-304f-49aa-b84f-957c33ae6f8a,2026-01-13T09:22:52Z,4,4,4,4,4
7901508c-304f-49aa-b84f-957c33ae6f8a,2026-01-13T09:21:52Z,5,5,5,5,5
7901508c-304f-49aa-b84f-957c33ae6f8a,2026-01-13T09:20:52Z,6,6,6,6,6
7901508c-304f-49aa-b84f-957c33ae6f8a,2026-01-13T09:19:52Z,7,7,7,7,7
7901508c-304f-49aa-b84f-957c33ae6f8a,2026-01-13T09:18:52Z,8,8,8,8,8
7901508c-304f-49aa-b84f-957c33ae6f8a,2026-01-13T09:17:52Z,9,9,9,9,9
7901508c-304f-49aa-b84f-957c33ae6f8a,2026-01-13T09:16:52Z,10,10,10,10,10
7901508c-304f-49aa-b84f-957c33ae6f8a,2026-01-13T09:15:52Z,11,11,11,11,11
7901508c-304f-49aa-b84f-957c33ae6f8a,2026-01-13T09:14:52Z,12,12,12,12,12
7901508c-304f-49aa-b84f-957c33ae6f8a,2026-01-13T09:13:52Z,13,13,13,13,13
7901508c-304f-49aa-b84f-957c33ae6f8a,2026-01-13T09:12:52Z,14,14,14,14,14
7901508c-304f-49aa-b84f-957c33ae6f8a,2026-01-13T09:11:52Z,15,15,15,15,15
7901508c-304f-49aa-b84f-957c33ae6f8a,2026-01-13T09:10:52Z,16,16,16,16,16
7901508c-304f-49aa-b84f-957c33ae6f8a,2026-01-13T09:09:52Z,17,17,17,17,17
7901508c-304f-49aa-b84f-957c33ae6f8a,2026-01-13T09:08:52Z,18,18,18,18,18
7901508c-304f-49aa-b84f-957c33ae6f8a,2026-01-13T09:07:52Z,19,19,19,19,19
7901508c-304f-49aa-b84f-957c33ae6f8a,2026-01-13T09:06:52Z,20,20,20,20,20
7901508c-304f-49aa-b84f-957c33ae6f8a,2026-01-13T09:05:52Z,21,21,21,21,21
7901508c-304f-49aa-b84f-957c33ae6f8a,2026-01-13T09:04:52Z,22,22,22,22,22
7901508c-304f-49aa-b84f-957c33ae6f8a,2026-01-13T09:03:52Z,23,23,23,23,23
7901508c-304f-49aa-b84f-957c33ae6f8a,2026-01-13T09:02:52Z,24,24,24,24,24
7901508c-304f-49aa-b84f-957c33ae6f8a,2026-01-13T09:01:52Z,25,25,25,25,25
7901508c-304f-49aa-b84f-957c33ae6f8a,2026-01-13T09:00:52Z,26,26,26,26,26
7901508c-304f-49aa-b84f-957c33ae6f8a,2026-01-13T08:59:52Z,27,27,27,27,27
7901508c-304f-49aa-b84f-957c33ae6f8a,2026-01-13T08:58:52Z,28,28,28,28,28
7901508c-304f-49aa-b84f-957c33ae6f8a,2026-01-13T08:57:52Z,29,29,29,29,29
7901508c-304f-49aa-b84f-957c33ae6f8a,2026-01-13T08:56:52Z,30,30,30,30,30
7901508c-304f-49aa-b84f-957c33ae6f8a,2026-01-13T08:55:52Z,31,31,31,31,31
7901508c-304f-49aa-b84f-957c33ae6f8a,2026-01-13T08:54:52Z,32,32,32,32,32
7901508c-304f-49aa-b84f-957c33ae6f8a,2026-01-13T08:53:52Z,33,33,33,33,33
7901508c-304f-49aa-b84f-957c33ae6f8a,2026-01-13T08:52:52Z,34,34,34,34,34
7901508c-304f-49aa-b84f-957c33ae6f8a,2026-01-13T08:51:52Z,35,35,35,35,35
7901508c-304f-49aa-b84f-957c33ae6f8a,2026-01-13T08:50:52Z,36,36,36,36,36
7901508c-304f-49aa-b84f-957c33ae6f8a,2026-01-13T08:49:52Z,37,37,37,37,37
7901508c-304f-49aa-b84f-957c33ae6f8a,2026-01-13T08:48:52Z,38,38,38,38,38
7901508c-304f-49aa-b84f-957c33ae6f8a,2026-01-13T08:47:52Z,39,39,39,39,39
7901508c-304f-49aa-b84f-957c33ae6f8a,2026-01-13T08:46:52Z,40,40,40,40,40
7901508c-304f-49aa-b84f-957c33ae6f8a,2026-01-13T08:45:52Z,41,41,41,41,41
7901508c-304f-49aa-b84f-957c33ae6f8a,2026-01-13T08:44:52Z,42,42,42,42,42
7901508c-304f-49aa-b84f-957c33ae6f8a,2026-01-13T08:43:52Z,43,43,43,43,43
7901508c-304f-49aa-b84f-957c33ae6f8a,2026-01-13T08:42:52Z,44,44,44,44,44
7901508c-304f-49aa-b84f-957c33ae6f8a,2026-01-13T08:41:52Z,45,45,45,45,45
7901508c-304f-49aa-b84f-957c33ae6f8a,2026-01-13T08:40:52Z,46,46,46,46,46
7901508c-304f-49aa-b84f-957c33ae6f8a,2026-01-13T08:39:52Z,47,47,47,47,47
7901508c-304f-49aa-b84f-957c33ae6f8a,2026-01-13T08:38:52Z,48,48,48,48,48
7901508c-304f-49aa-b84f-957c33ae6f8a,2026-01-13T08:37:52Z,49,49,49,49,49
7901508c-304f-49aa-b84f-957c33ae6f8a,2026-01-13T08:36:52Z,50,50,50,50,50
7901508c-304f-49aa-b84f-957c33ae6f8a,2026-01-13T08:35:52Z,51,51,51,51,51
7901508c-304f-49aa-b84f-957c33ae6f8a,2026-01-13T08:34:52Z,52,52,52,52,52
7901508c-304f-49aa-b84f-957c33ae6f8a,2026-01-13T08:33:52Z,53,53,53,53,53
7901508c-304f-49aa-b84f-957c33ae6f8a,2026-01-13T08:32:52Z,54,54,54,54,54
7901508c-304f-49aa-b84f-957c33ae6f8a,2026-01-13T08:31:52Z,55,55,55,55,55
7901508c-304f-49aa-b84f-957c33ae6f8a,2026-01-13T08:30:52Z,56,56,56,56,56
7901508c-304f-49aa-b84f-957c33ae6f8a,2026-01-13T08:29:52Z,57,57,57,57,57
7901508c-304f-49aa-b84f-957c33ae6f8a,2026-01-13T08:28:52Z,58,58,58,58,58
7901508c-304f-49aa-b84f-957c33ae6f8a,2026-01-13T08:27:52Z,59,59,59,59,59
7901508c-304f-49aa-b84f-957c33ae6f8a,2026-01-13T08:26:52Z,60,60,60,60,60
7901508c-304f-49aa-b84f-957c33ae6f8a,2026-01-13T08:25:52Z,61,61,61,61,61
7901508c-304f-49aa-b84f-957c33ae6f8a,2026-01-13T08:24:52Z,62,62,62,62,62
7901508c-304f-49aa-b84f-957c33ae6f8a,2026-01-13T08:23:52Z,63,63,63,63,63
7901508c-304f-49aa-b84f-957c33ae6f8a,2026-01-13T08:22:52Z,64,64,64,64,64
7901508c-304f-49aa-b84f-957c33ae6f8a,2026-01-13T08:21:52Z,65,65,65,65,65
7901508c-304f-49aa-b84f-957c33ae6f8a,2026-01-13T08:20:52Z,66,66,66,66,66
7901508c-304f-49aa-b84f-957c33ae6f8a,2026-01-13T08:19:52Z,67,67,67,67,67
7901508c-304f-49aa-b84f-957c33ae6f8a,2026-01-13T08:18:52Z,68,68,68,68,68
7901508c-304f-49aa-b84f-957c33ae6f8a,2026-01-13T08:17:52Z,69,69,69,69,69
7901508c-304f-49aa-b84f-957c33ae6f8a,2026-01-13T08:16:52Z,70,70,70,70,70
7901508c-304f-49aa-b84f-957c33ae6f8a,2026-01-13T08:15:52Z,71,71,71,71,71
7901508c-304f-49aa-b84f-957c33ae6f8a,2026-01-13T08:14:52Z,72,72,72,72,72
7901508c-304f-49aa-b84f-957c33ae6f8a,2026-01-13T08:13:52Z,73,73,73,73,73
7901508c-304f-49aa-b84f-957c33ae6f8a,2026-01-13T08:12:52Z,74,74,74,74,74
7901508c-304f-49aa-b84f-957c33ae6f8a,2026-01-13T08:11:52Z,75,75,75,75,75
7901508c-304f-49aa-b84f-957c33ae6f8a,2026-01-13T08:10:52Z,76,76,76,76,76
7901508c-304f-49aa-b84f-957c33ae6f8a,2026-01-13T08:09:52Z,77,77,77,77,77
7901508c-304f-49aa-b84f-957c33ae6f8a,2026-01-13T08:08:52Z,78,78,78,78,78
7901508c-304f-49aa-b84f-957c33ae6f8a,2026-01-13T08:07:52Z,79,79,79,79,79
7901508c-304f-49aa-b84f-957c33ae6f8a,2026-01-13T08:06:52Z,80,80,80,80,80
7901508c-304f-49aa-b84f-957c33ae6f8a,2026-01-13T08:05:52Z,81,81,81,81,81
7901508c-304f-49aa-b84f-957c33ae6f8a,2026-01-13T08:04:52Z,82,82,82,82,82
7901508c-304f-49aa-b84f-957c33ae6f8a,2026-01-13T08:03:52Z,83,83,83,83,83
7901508c-304f-49aa-b84f-957c33ae6f8a,2026-01-13T08:02:52Z,84,84,84,84,84
7901508c-304f-49aa-b84f-957c33ae6f8a,2026-01-13T08:01:52Z,85,85,85,85,85
7901508c-304f-49aa-b84f-957c33ae6f8a,2026-01-13T08:00:52Z,86,86,86,86,86
7901508c-304f-49aa-b84f-957c33ae6f8a,2026-01-13T07:59:52Z,87,87,87,87,87
7901508c-304f-49aa-b84f-957c33ae6f8a,2026-01-13T07:58:52Z,88,88,88,88,88
7901508c-304f-49aa-b84f-957c33ae6f8a,2026-01-13T07:57:52Z,89,89,89,89,89
7901508c-304f-49aa-b84f-957c33ae6f8a,2026-01-13T07:56:52Z,90,90,90,90,90
7901508c-304f-49aa-b84f-957c33ae6f8a,2026-01-13T07:55:52Z,91,91,91,91,91
7901508c-304f-49aa-b84f-957c33ae6f8a,2026-01-13T07:54:52Z,92,92,92,92,92
7901508c-304f-49aa-b84f-957c33ae6f8a,2026-01-13T07:53:52Z,93,93,93,93,93
7901508c-304f-49aa-b84f-957c33ae6f8a,2026-01-13T07:52:52Z,94,94,94,94,94
7901508c-304f-49aa-b84f-957c33ae6f8a,2026-01-13T07:51:52Z,95,95,95,95,95
7901508c-304f-49aa-b84f-957c33ae6f8a,2026-01-13T07:50:52Z,96,96,96,96,96
7901508c-304f-49aa-b84f-957c33ae6f8a,2026-01-13T07:49:52Z,97,97,97,97,97
7901508c-304f-49aa-b84f-957c33ae6f8a,2026-01-13T07:48:52Z,98,98,98,98,98
7901508c-304f-49aa-b84f-957c33ae6f8a,2026-01-13T07:47:52Z,99,99,99,99,99
7901508c-304f-49aa-b84f-957c33ae6f8a,2026-01-13T07:46:52Z,100,100,100,100,100
7901508c-304f-49aa-b84f-957c33ae6f8a,2026-01-13T07:45:52Z,101,101,101,101,101
7901508c-304f-49aa-b84f-957c33ae6f8a,2026-01-13T07:44:52Z,102,102,102,102,102
7901508c-304f-49aa-b84f-957c33ae6f8a,2026-01-13T07:43:52Z,103,103,103,103,103
7901508c-304f-49aa-b84f-957c33ae6f8a,2026-01-13T07:42:52Z,104,104,104,104,104
7901508c-304f-49aa-b84f-957c33ae6f8a,2026-01-13T07:41:52Z,105,105,105,105,105
7901508c-304f-49aa-b84f-957c33ae6f8a,2026-01-13T07:40:52Z,106,106,106,106,106
7901508c-304f-49aa-b84f-957c33ae6f8a,2026-01-13T07:39:52Z,107,107,107,107,107
7901508c-304f-49aa-b84f-957c33ae6f8a,2026-01-13T07:38:52Z,108,108,108,108,108
7901508c-304f-49aa-b84f-957c33ae6f8a,2026-01-13T07:37:52Z,109,109,109,109,109
7901508c-304f-49aa-b84f-957c33ae6f8a,2026-01-13T07:36:52Z,110,110,110,110,110
7901508c-304f-49aa-b84f-957c33ae6f8a,2026-01-13T07:35:52Z,111,111,111,111,111
7901508c-304f-49aa-b84f-957c33ae6f8a,2026-01-13T07:34:52Z,112,112,112,112,112
7901508c-304f-49aa-b84f-957c33ae6f8a,2026-01-13T07:33:52Z,113,113,113,113,113
7901508c-304f-49aa-b84f-957c33ae6f8a,2026-01-13T07:32:52Z,114,114,114,114,114
7901508c-304f-49aa-b84f-957c33ae6f8a,2026-01-13T07:31:52Z,115,115,115,115,115
7901508c-304f-49aa-b84f-957c33ae6f8a,2026-01-13T07:30:52Z,116,116,116,116,116
7901508c-304f-49aa-b84f-957c33ae6f8a,2026-01-13T07:29:52Z,117,117,117,117,117
7901508c-304f-49aa-b84f-957c33ae6f8a,2026-01-13T07:28:52Z,118,118,118,118,118
7901508c-304f-49aa-b84f-957c33ae6f8a,2026-01-13T07:27:52Z,119,119,119,119,119
7901508c-304f-49aa-b84f-957c33ae6f8a,2026-01-13T07:26:52Z,120,120,120,120,120
7901508c-304f-49aa-b84f-957c33ae6f8a,2026-01-13T07:25:52Z,121,121,121,121,121
7901508c-304f-49aa-b84f-957c33ae6f8a,2026-01-13T07:24:52Z,122,122,122,122,122
7901508c-304f-49aa-b84f-957c33ae6f8a,2026-01-13T07:23:52Z,123,123,123,123,123
7901508c-304f-49aa-b84f-957c33ae6f8a,2026-01-13T07:22:52Z,124,124,124,124,124
7901508c-304f-49aa-b84f-957c33ae6f8a,2026-01-13T07:21:52Z,125,125,125,125,125
7901508c-304f-49aa-b84f-957c33ae6f8a,2026-01-13T07:20:52Z,126,126,126,126,126
7901508c-304f-49aa-b84f-957c33ae6f8a,2026-01-13T07:19:52Z,127,127,127,127,127
7901508c-304f-49aa-b84f-957c33ae6f8a,2026-01-13T07:18:52Z,128,128,128,128,128
7901508c-304f-49aa-b84f-957c33ae6f8a,2026-01-13T07:17:52Z,129,129,129,129,129
7901508c-304f-49aa-b84f-957c33ae6f8a,2026-01-13T07:16:52Z,130,130,130,130,130
7901508c-304f-49aa-b84f-957c33ae6f8a,2026-01-13T07:15:52Z,131,131,131,131,131
7901508c-304f-49aa-b84f-957c33ae6f8a,2026-01-13T07:14:52Z,132,132,132,132,132
7901508c-304f-49aa-b84f-957c33ae6f8a,2026-01-13T07:13:52Z,133,133,133,133,133
7901508c-304f-49aa-b84f-957c33ae6f8a,2026-01-13T07:12:52Z,134,134,134,134,134
7901508c-304f-49aa-b84f-957c33ae6f8a,2026-01-13T07:11:52Z,135,135,135,135,135
7901508c-304f-49aa-b84f-957c33ae6f8a,2026-01-13T07:10:52Z,136,136,136,136,136
7901508c-304f-49aa-b84f-957c33ae6f8a,2026-01-13T07:09:52Z,137,137,137,137,137
7901508c-304f-49aa-b84f-957c33ae6f8a,2026-01-13T07:08:52Z,138,138,138,138,138
7901508c-304f-49aa-b84f-957c33ae6f8a,2026-01-13T07:07:52Z,139,139,139,139,139
7901508c-304f-49aa-b84f-957c33ae6f8a,2026-01-13T07:06:52Z,140,140,140,140,140
7901508c-304f-49aa-b84f-957c33ae6f8a,2026-01-13T07:05:52Z,141,141,141,141,141
7901508c-304f-49aa-b84f-957c33ae6f8a,2026-01-13T07:04:52Z,142,142,142,142,142
7901508c-304f-49aa-b84f-957c33ae6f8a,2026-01-13T07:03:52Z,143,143,143,143,143
7901508c-304f-49aa-b84f-957c33ae6f8a,2026-01-13T07:02:52Z,144,144,144,144,144
7901508c-304f-49aa-b84f-957c33ae6f8a,2026-01-13T07:01:52Z,145,145,145,145,145
7901508c-304f-49aa-b84f-957c33ae6f8a,2026-01-13T07:00:52Z,146,146,146,146,146
7901508c-304f-49aa-b84f-957c33ae6f8a,2026-01-13T06:59:52Z,147,147,147,147,147
7901508c-304f-49aa-b84f-957c33ae6f8a,2026-01-13T06:58:52Z,148,148,148,148,148
7901508c-304f-49aa-b84f-957c33ae6f8a,2026-01-13T06:57:52Z,149,149,149,149,149
7901508c-304f-49aa-b84f-957c33ae6f8a,2026-01-13T06:56:52Z,150,150,150,150,150
7901508c-304f-49aa-b84f-957c33ae6f8a,2026-01-13T06:55:52Z,151,151,151,151,151
7901508c-304f-49aa-b84f-957c33ae6f8a,2026-01-13T06:54:52Z,152,152,152,152,152
7901508c-304f-49aa-b84f-957c33ae6f8a,2026-01-13T06:53:52Z,153,153,153,153,153
7901508c-304f-49aa-b84f-957c33ae6f8a,2026-01-13T06:52:52Z,154,154,154,154,154
7901508c-304f-49aa-b84f-957c33ae6f8a,2026-01-13T06:51:52Z,155,155,155,155,155
7901508c-304f-49aa-b84f-957c33ae6f8a,2026-01-13T06:50:52Z,156,156,156,156,156
7901508c-304f-49aa-b84f-957c33ae6f8a,2026-01-13T06:49:52Z,157,157,157,157,157
7901508c-304f-49aa-b84f-957c33ae6f8a,2026-01-13T06:48:52Z,158,158,158,158,158
7901508c-304f-49aa-b84f-957c33ae6f8a,2026-01-13T06:47:52Z,159,159,159,159,159
7901508c-304f-49aa-b84f-957c33ae6f8a,2026-01-13T06:46:52Z,160,160,160,160,160
7901508c-304f-49aa-b84f-957c33ae6f8a,2026-01-13T06:45:52Z,161,161,161,161,161
7901508c-304f-49aa-b84f-957c33ae6f8a,2026-01-13T06:44:52Z,162,162,162,162,162
7901508c-304f-49aa-b84f-957c33ae6f8a,2026-01-13T06:43:52Z,163,163,163,163,163
7901508c-304f-49aa-b84f-957c33ae6f8a,2026-01-13T06:42:52Z,164,164,164,164,164
7901508c-304f-49aa-b84f-957c33ae6f8a,2026-01-13T06:41:52Z,165,165,165,165,165
7901508c-304f-49aa-b84f-957c33ae6f8a,2026-01-13T06:40:52Z,166,166,166,166,166
7901508c-304f-49aa-b84f-957c33ae6f8a,2026-01-13T06:39:52Z,167,167,167,167,167
7901508c-304f-49aa-b84f-957c33ae6f8a,2026-01-13T06:38:52Z,168,168,168,168,168
7901508c-304f-49aa-b84f-957c33ae6f8a,2026-01-13T06:37:52Z,169,169,169,169,169
7901508c-304f-49aa-b84f-957c33ae6f8a,2026-01-13T06:36:52Z,170,170,170,170,170
7901508c-304f-49aa-b84f-957c33ae6f8a,2026-01-13T06:35:52Z,171,171,171,171,171
7901508c-304f-49aa-b84f-957c33ae6f8a,2026-01-13T06:34:52Z,172,172,172,172,172
7901508c-304f-49aa-b84f-957c33ae6f8a,2026-01-13T06:33:52Z,173,173,173,173,173
7901508c-304f-49aa-b84f-957c33ae6f8a,2026-01-13T06:32:52Z,174,174,174,174,174
7901508c-304f-49aa-b84f-957c33ae6f8a,2026-01-13T06:31:52Z,175,175,175,175,175
7901508c-304f-49aa-b84f-957c33ae6f8a,2026-01-13T06:30:52Z,176,176,176,176,176
7901508c-304f-49aa-b84f-957c33ae6f8a,2026-01-13T06:29:52Z,177,177,177,177,177
7901508c-304f-49aa-b84f-957c33ae6f8a,2026-01-13T06:28:52Z,178,178,178,178,178
7901508c-304f-49aa-b84f-957c33ae6f8a,2026-01-13T06:27:52Z,179,179,179,179,179
7901508c-304f-49aa-b84f-957c33ae6f8a,2026-01-13T06:26:52Z,180,180,180,180,180
7901508c-304f-49aa-b84f-957c33ae6f8a,2026-01-13T06:25:52Z,181,181,181,181,181
7901508c-304f-49aa-b84f-957c33ae6f8a,2026-01-13T06:24:52Z,182,182,182,182,182
7901508c-304f-49aa-b84f-957c33ae6f8a,2026-01-13T06:23:52Z,183,183,183,183,183
7901508c-304f-49aa-b84f-957c33ae6f8a,2026-01-13T06:22:52Z,184,184,184,184,184
7901508c-304f-49aa-b84f-957c33ae6f8a,2026-01-13T06:21:52Z,185,185,185,185,185
7901508c-304f-49aa-b84f-957c33ae6f8a,2026-01-13T06:20:52Z,186,186,186,186,186
7901508c-304f-49aa-b84f-957c33ae6f8a,2026-01-13T06:19:52Z,187,187,187,187,187
7901508c-304f-49aa-b84f-957c33ae6f8a,2026-01-13T06:18:52Z,188,188,188,188,188
7901508c-304f-49aa-b84f-957c33ae6f8a,2026-01-13T06:17:52Z,189,189,189,189,189
7901508c-304f-49aa-b84f-957c33ae6f8a,2026-01-13T06:16:52Z,190,190,190,190,190
7901508c-304f-49aa-b84f-957c33ae6f8a,2026-01-13T06:15:52Z,191,191,191,191,191
7901508c-304f-49aa-b84f-957c33ae6f8a,2026-01-13T06:14:52Z,192,192,192,192,192
7901508c-304f-49aa-b84f-957c33ae6f8a,2026-01-13T06:13:52Z,193,193,193,193,193
7901508c-304f-49aa-b84f-957c33ae6f8a,2026-01-13T06:12:52Z,194,194,194,194,194
7901508c-304f-49aa-b84f-957c33ae6f8a,2026-01-13T06:11:52Z,195,195,195,195,195
7901508c-304f-49aa-b84f-957c33ae6f8a,2026-01-13T06:10:52Z,196,196,196,196,196
7901508c-304f-49aa-b84f-957c33ae6f8a,2026-01-13T06:09:52Z,197,197,197,197,197
7901508c-304f-49aa-b84f-957c33ae6f8a,2026-01-13T06:08:52Z,198,198,198,198,198
7901508c-304f-49aa-b84f-957c33ae6f8a,2026-01-13T06:07:52Z,199,199,199,199,199
7901508c-304f-49aa-b84f-957c33ae6f8a,2026-01-13T06:06:52Z,200,200,200,200,200
7901508c-304f-49aa-b84f-957c33ae6f8a,2026-01-13T06:05:52Z,201,201,201,201,201
7901508c-304f-49aa-b84f-957c33ae6f8a,2026-01-13T06:04:52Z,202,202,202,202,202
7901508c-304f-49aa-b84f-957c33ae6f8a,2026-01-13T06:03:52Z,203,203,203,203,203
7901508c-304f-49aa-b84f-957c33ae6f8a,2026-01-13T06:02:52Z,204,204,204,204,204
7901508c-304f-49aa-b84f-957c33ae6f8a,2026-01-13T06:01:52Z,205,205,205,205,205
7901508c-304f-49aa-b84f-957c33ae6f8a,2026-01-13T06:00:52Z,206,206,206,206,206
7901508c-304f-49aa-b84f-957c33ae6f8a,2026-01-13T05:59:52Z,207,207,207,207,207
7901508c-304f-49aa-b84f-957c33ae6f8a,2026-01-13T05:58:52Z,208,208,208,208,208
7901508c-304f-49aa-b84f-957c33ae6f8a,2026-01-13T05:57:52Z,209,209,209,209,209
7901508c-304f-49aa-b84f-957c33ae6f8a,2026-01-13T05:56:52Z,210,210,210,210,210
7901508c-304f-49aa-b84f-957c33ae6f8a,2026-01-13T05:55:52Z,211,211,211,211,211
7901508c-304f-49aa-b84f-957c33ae6f8a,2026-01-13T05:54:52Z,212,212,212,212,212
7901508c-304f-49aa-b84f-957c33ae6f8a,2026-01-13T05:53:52Z,213,213,213,213,213
7901508c-304f-49aa-b84f-957c33ae6f8a,2026-01-13T05:52:52Z,214,214,214,214,214
7901508c-304f-49aa-b84f-957c33ae6f8a,2026-01-13T05:51:52Z,215,215,215,215,215
7901508c-304f-49aa-b84f-957c33ae6f8a,2026-01-13T05:50:52Z,216,216,216,216,216
7901508c-304f-49aa-b84f-957c33ae6f8a,2026-01-13T05:49:52Z,217,217,217,217,217
7901508c-304f-49aa-b84f-957c33ae6f8a,2026-01-13T05:48:52Z,218,218,218,218,218
7901508c-304f-49aa-b84f-957c33ae6f8a,2026-01-13T05:47:52Z,219,219,219,219,219
7901508c-304f-49aa-b84f-957c33ae6f8a,2026-01-13T05:46:52Z,220,220,220,220,220
7901508c-304f-49aa-b84f-957c33ae6f8a,2026-01-13T05:45:52Z,221,221,221,221,221
7901508c-304f-49aa-b84f-957c33ae6f8a,2026-01-13T05:44:52Z,222,222,222,222,222
7901508c-304f-49aa-b84f-957c33ae6f8a,2026-01-13T05:43:52Z,223,223,223,223,223
7901508c-304f-49aa-b84f-957c33ae6f8a,2026-01-13T05:42:52Z,224,224,224,224,224
7901508c-304f-49aa-b84f-957c33ae6f8a,2026-01-13T05:41:52Z,225,225,225,225,225
7901508c-304f-49aa-b84f-957c33ae6f8a,2026-01-13T05:40:52Z,226,226,226,226,226
7901508c-304f-49aa-b84f-957c33ae6f8a,2026-01-13T05:39:52Z,227,227,227,227,227
7901508c-304f-49aa-b84f-957c33ae6f8a,2026-01-13T05:38:52Z,228,228,228,228,228
7901508c-304f-49aa-b84f-957c33ae6f8a,2026-01-13T05:37:52Z,229,229,229,229,229
7901508c-304f-49aa-b84f-957c33ae6f8a,2026-01-13T05:36:52Z,230,230,230,230,230
7901508c-304f-49aa-b84f-957c33ae6f8a,2026-01-13T05:35:52Z,231,231,231,231,231
7901508c-304f-49aa-b84f-957c33ae6f8a,2026-01-13T05:34:52Z,232,232,232,232,232
7901508c-304f-49aa-b84f-957c33ae6f8a,2026-01-13T05:33:52Z,233,233,233,233,233
7901508c-304f-49aa-b84f-957c33ae6f8a,2026-01-13T05:32:52Z,234,234,234,234,234
7901508c-304f-49aa-b84f-957c33ae6f8a,2026-01-13T05:31:52Z,235,235,235,235,235
7901508c-304f-49aa-b84f-957c33ae6f8a,2026-01-13T05:30:52Z,236,236,236,236,236
7901508c-304f-49aa-b84f-957c33ae6f8a,2026-01-13T05:29:52Z,237,237,237,237,237
7901508c-304f-49aa-b84f-957c33ae6f8a,2026-01-13T05:28:52Z,238,238,238,238,238
7901508c-304f-49aa-b84f-957c33ae6f8a,2026-01-13T05:27:52Z,239,239,239,239,239
7901508c-304f-49aa-b84f-957c33ae6f8a,2026-01-13T05:26:52Z,240,240,240,240,240
7901508c-304f-49aa-b84f-957c33ae6f8a,2026-01-13T05:25:52Z,241,241,241,241,241
7901508c-304f-49aa-b84f-957c33ae6f8a,2026-01-13T05:24:52Z,242,242,242,242,242
7901508c-304f-49aa-b84f-957c33ae6f8a,2026-01-13T05:23:52Z,243,243,243,243,243
7901508c-304f-49aa-b84f-957c33ae6f8a,2026-01-13T05:22:52Z,244,244,244,244,244
7901508c-304f-49aa-b84f-957c33ae6f8a,2026-01-13T05:21:52Z,245,245,245,245,245
7901508c-304f-49aa-b84f-957c33ae6f8a,2026-01-13T05:20:52Z,246,246,246,246,246
7901508c-304f-49aa-b84f-957c33ae6f8a,2026-01-13T05:19:52Z,247,247,247,247,247
7901508c-304f-49aa-b84f-957c33ae6f8a,2026-01-13T05:18:52Z,248,248,248,248,248
7901508c-304f-49aa-b84f-957c33ae6f8a,2026-01-13T05:17:52Z,249,249,249,249,249
7901508c-304f-49aa-b84f-957c33ae6f8a,2026-01-13T05:16:52Z,250,250,250,250,250
7901508c-304f-49aa-b84f-957c33ae6f8a,2026-01-13T05:15:52Z,251,251,251,251,251
7901508c-304f-49aa-b84f-957c33ae6f8a,2026-01-13T05:14:52Z,252,252,252,252,252
7901508c-304f-49aa-b84f-957c33ae6f8a,2026-01-13T05:13:52Z,253,253,253,253,253
7901508c-304f-49aa-b84f-957c33ae6f8a,2026-01-13T05:12:52Z,254,254,254,254,254
7901508c-304f-49aa-b84f-957c33ae6f8a,2026-01-13T05:11:52Z,255,255,255,255,255
7901508c-304f-49aa-b84f-957c33ae6f8a,2026-01-13T05:10:52Z,256,256,256,256,256
7901508c-304f-49aa-b84f-957c33ae6f8a,2026-01-13T05:09:52Z,257,257,257,257,257
7901508c-304f-49aa-b84f-957c33ae6f8a,2026-01-13T05:08:52Z,258,258,258,258,258
7901508c-304f-49aa-b84f-957c33ae6f8a,2026-01-13T05:07:52Z,259,259,259,259,259
7901508c-304f-49aa-b84f-957c33ae6f8a,2026-01-13T05:06:52Z,260,260,260,260,260
7901508c-304f-49aa-b84f-957c33ae6f8a,2026-01-13T05:05:52Z,261,261,261,261,261
7901508c-304f-49aa-b84f-957c33ae6f8a,2026-01-13T05:04:52Z,262,262,262,262,262
7901508c-304f-49aa-b84f-957c33ae6f8a,2026-01-13T05:03:52Z,263,263,263,263,263
7901508c-304f-49aa-b84f-957c33ae6f8a,2026-01-13T05:02:52Z,264,264,264,264,264
7901508c-304f-49aa-b84f-957c33ae6f8a,2026-01-13T05:01:52Z,265,265,265,265,265
7901508c-304f-49aa-b84f-957c33ae6f8a,2026-01-13T05:00:52Z,266,266,266,266,266
7901508c-304f-49aa-b84f-957c33ae6f8a,2026-01-13T04:59:52Z,267,267,267,267,267
7901508c-304f-49aa-b84f-957c33ae6f8a,2026-01-13T04:58:52Z,268,268,268,268,268
7901508c-304f-49aa-b84f-957c33ae6f8a,2026-01-13T04:57:52Z,269,269,269,269,269
7901508c-304f-49aa-b84f-957c33ae6f8a,2026-01-13T04:56:52Z,270,270,270,270,270
7901508c-304f-49aa-b84f-957c33ae6f8a,2026-01-13T04:55:52Z,271,271,271,271,271
7901508c-304f-49aa-b84f-957c33ae6f8a,2026-01-13T04:54:52Z,272,272,272,272,272
7901508c-304f-49aa-b84f-957c33ae6f8a,2026-01-13T04:53:52Z,273,273,273,273,273
7901508c-304f-49aa-b84f-957c33ae6f8a,2026-01-13T04:52:52Z,274,274,274,274,274
7901508c-304f-49aa-b84f-957c33ae6f8a,2026-01-13T04:51:52Z,275,275,275,275,275
7901508c-304f-49aa-b84f-957c33ae6f8a,2026-01-13T04:50:52Z,276,276,276,276,276
7901508c-304f-49aa-b84f-957c33ae6f8a,2026-01-13T04:49:52Z,277,277,277,277,277
7901508c-304f-49aa-b84f-957c33ae6f8a,2026-01-13T04:48:52Z,278,278,278,278,278
7901508c-304f-49aa-b84f-957c33ae6f8a,2026-01-13T04:47:52Z,279,279,279,279,279
7901508c-304f-49aa-b84f-957c33ae6f8a,2026-01-13T04:46:52Z,280,280,280,280,280
7901508c-304f-49aa-b84f-957c33ae6f8a,2026-01-13T04:45:52Z,281,281,281,281,281
7901508c-304f-49aa-b84f-957c33ae6f8a,2026-01-13T04:44:52Z,282,282,282,282,282
7901508c-304f-49aa-b84f-957c33ae6f8a,2026-01-13T04:43:52Z,283,283,283,283,283
7901508c-304f-49aa-b84f-957c33ae6f8a,2026-01-13T04:42:52Z,284,284,284,284,284
7901508c-304f-49aa-b84f-957c33ae6f8a,2026-01-13T04:41:52Z,285,285,285,285,285
7901508c-304f-49aa-b84f-957c33ae6f8a,2026-01-13T04:40:52Z,286,286,286,286,286
7901508c-304f-49aa-b84f-957c33ae6f8a,2026-01-13T04:39:52Z,287,287,287,287,287
7901508c-304f-49aa-b84f-957c33ae6f8a,2026-01-13T04:38:52Z,288,288,288,288,288
7901508c-304f-49aa-b84f-957c33ae6f8a,2026-01-13T04:37:52Z,289,289,289,289,289
7901508c-304f-49aa-b84f-957c33ae6f8a,2026-01-13T04:36:52Z,290,290,290,290,290
7901508c-304f-49aa-b84f-957c33ae6f8a,2026-01-13T04:35:52Z,291,291,291,291,291
7901508c-304f-49aa-b84f-957c33ae6f8a,2026-01-13T04:34:52Z,292,292,292,292,292
7901508c-304f-49aa-b84f-957c33ae6f8a,2026-01-13T04:33:52Z,293,293,293,293,293
7901508c-304f-49aa-b84f-957c33ae6f8a,2026-01-13T04:32:52Z,294,294,294,294,294
7901508c-304f-49aa-b84f-957c33ae6f8a,2026-01-13T04:31:52Z,295,295,295,295,295
7901508c-304f-49aa-b84f-957c33ae6f8a,2026-01-13T04:30:52Z,296,296,296,296,296
7901508c-304f-49aa-b84f-957c33ae6f8a,2026-01-13T04:29:52Z,297,297,297,297,297
7901508c-304f-49aa-b84f-957c33ae6f8a,2026-01-13T04:28:52Z,298,298,298,298,298
7901508c-304f-49aa-b84f-957c33ae6f8a,2026-01-13T04:27:52Z,299,299,299,299,299
7901508c-304f-49aa-b84f-957c33ae6f8a,2026-01-13T04:26:52Z,300,300,300,300,300
7901508c-304f-49aa-b84f-957c33ae6f8a,2026-01-13T04:25:52Z,301,301,301,301,301
7901508c-304f-49aa-b84f-957c33ae6f8a,2026-01-13T04:24:52Z,302,302,302,302,302
7901508c-304f-49aa-b84f-957c33ae6f8a,2026-01-13T04:23:52Z,303,303,303,303,303
7901508c-304f-49aa-b84f-957c33ae6f8a,2026-01-13T04:22:52Z,304,304,304,304,304
7901508c-304f-49aa-b84f-957c33ae6f8a,2026-01-13T04:21:52Z,305,305,305,305,305
7901508c-304f-49aa-b84f-957c33ae6f8a,2026-01-13T04:20:52Z,306,306,306,306,306
7901508c-304f-49aa-b84f-957c33ae6f8a,2026-01-13T04:19:52Z,307,307,307,307,307
7901508c-304f-49aa-b84f-957c33ae6f8a,2026-01-13T04:18:52Z,308,308,308,308,308
7901508c-304f-49aa-b84f-957c33ae6f8a,2026-01-13T04:17:52Z,309,309,309,309,309
7901508c-304f-49aa-b84f-957c33ae6f8a,2026-01-13T04:16:52Z,310,310,310,310,310
7901508c-304f-49aa-b84f-957c33ae6f8a,2026-01-13T04:15:52Z,311,311,311,311,311
7901508c-304f-49aa-b84f-957c33ae6f8a,2026-01-13T04:14:52Z,312,312,312,312,312
7901508c-304f-49aa-b84f-957c33ae6f8a,2026-01-13T04:13:52Z,313,313,313,313,313
7901508c-304f-49aa-b84f-957c33ae6f8a,2026-01-13T04:12:52Z,314,314,314,314,314
7901508c-304f-49aa-b84f-957c33ae6f8a,2026-01-13T04:11:52Z,315,315,315,315,315
7901508c-304f-49aa-b84f-957c33ae6f8a,2026-01-13T04:10:52Z,316,316,316,316,316
7901508c-304f-49aa-b84f-957c33ae6f8a,2026-01-13T04:09:52Z,317,317,317,317,317
7901508c-304f-49aa-b84f-957c33ae6f8a,2026-01-13T04:08:52Z,318,318,318,318,318
7901508c-304f-49aa-b84f-957c33ae6f8a,2026-01-13T04:07:52Z,319,319,319,319,319
7901508c-304f-49aa-b84f-957c33ae6f8a,2026-01-13T04:06:52Z,320,320,320,320,320
7901508c-304f-49aa-b84f-957c33ae6f8a,2026-01-13T04:05:52Z,321,321,321,321,321
7901508c-304f-49aa-b84f-957c33ae6f8a,2026-01-13T04:04:52Z,322,322,322,322,322
7901508c-304f-49aa-b84f-957c33ae6f8a,2026-01-13T04:03:52Z,323,323,323,323,323
7901508c-304f-49aa-b84f-957c33ae6f8a,2026-01-13T04:02:52Z,324,324,324,324,324
7901508c-304f-49aa-b84f-957c33ae6f8a,2026-01-13T04:01:52Z,325,325,325,325,325
7901508c-304f-49aa-b84f-957c33ae6f8a,2026-01-13T04:00:52Z,326,326,326,326,326
7901508c-304f-49aa-b84f-957c33ae6f8a,2026-01-13T03:59:52Z,327,327,327,327,327
7901508c-304f-49aa-b84f-957c33ae6f8a,2026-01-13T03:58:52Z,328,328,328,328,328
7901508c-304f-49aa-b84f-957c33ae6f8a,2026-01-13T03:57:52Z,329,329,329,329,329
7901508c-304f-49aa-b84f-957c33ae6f8a,2026-01-13T03:56:52Z,330,330,330,330,330
7901508c-304f-49aa-b84f-957c33ae6f8a,2026-01-13T03:55:52Z,331,331,331,331,331
7901508c-304f-49aa-b84f-957c33ae6f8a,2026-01-13T03:54:52Z,332,332,332,332,332
7901508c-304f-49aa-b84f-957c33ae6f8a,2026-01-13T03:53:52Z,333,333,333,333,333
7901508c-304f-49aa-b84f-957c33ae6f8a,2026-01-13T03:52:52Z,334,334,334,334,334
7901508c-304f-49aa-b84f-957c33ae6f8a,2026-01-13T03:51:52Z,335,335,335,335,335
7901508c-304f-49aa-b84f-957c33ae6f8a,2026-01-13T03:50:52Z,336,336,336,336,336
7901508c-304f-49aa-b84f-957c33ae6f8a,2026-01-13T03:49:52Z,337,337,337,337,337
7901508c-304f-49aa-b84f-957c33ae6f8a,2026-01-13T03:48:52Z,338,338,338,338,338
7901508c-304f-49aa-b84f-957c33ae6f8a,2026-01-13T03:47:52Z,339,339,339,339,339
7901508c-304f-49aa-b84f-957c33ae6f8a,2026-01-13T03:46:52Z,340,340,340,340,340
7901508c-304f-49aa-b84f-957c33ae6f8a,2026-01-13T03:45:52Z,341,341,341,341,341
7901508c-304f-49aa-b84f-957c33ae6f8a,2026-01-13T03:44:52Z,342,342,342,342,342
7901508c-304f-49aa-b84f-957c33ae6f8a,2026-01-13T03:43:52Z,343,343,343,343,343
7901508c-304f-49aa-b84f-957c33ae6f8a,2026-01-13T03:42:52Z,344,344,344,344,344
7901508c-304f-49aa-b84f-957c33ae6f8a,2026-01-13T03:41:52Z,345,345,345,345,345
7901508c-304f-49aa-b84f-957c33ae6f8a,2026-01-13T03:40:52Z,346,346,346,346,346
7901508c-304f-49aa-b84f-957c33ae6f8a,2026-01-13T03:39:52Z,347,347,347,347,347
7901508c-304f-49aa-b84f-957c33ae6f8a,2026-01-13T03:38:52Z,348,348,348,348,348
7901508c-304f-49aa-b84f-957c33ae6f8a,2026-01-13T03:37:52Z,349,349,349,349,349
7901508c-304f-49aa-b84f-957c33ae6f8a,2026-01-13T03:36:52Z,350,350,350,350,350
7901508c-304f-49aa-b84f-957c33ae6f8a,2026-01-13T03:35:52Z,351,351,351,351,351
7901508c-304f-49aa-b84f-957c33ae6f8a,2026-01-13T03:34:52Z,352,352,352,352,352
7901508c-304f-49aa-b84f-957c33ae6f8a,2026-01-13T03:33:52Z,353,353,353,353,353
7901508c-304f-49aa-b84f-957c33ae6f8a,2026-01-13T03:32:52Z,354,354,354,354,354
7901508c-304f-49aa-b84f-957c33ae6f8a,2026-01-13T03:31:52Z,355,355,355,355,355
7901508c-304f-49aa-b84f-957c33ae6f8a,2026-01-13T03:30:52Z,356,356,356,356,356
7901508c-304f-49aa-b84f-957c33ae6f8a,2026-01-13T03:29:52Z,357,357,357,357,357
7901508c-304f-49aa-b84f-957c33ae6f8a,2026-01-13T03:28:52Z,358,358,358,358,358
7901508c-304f-49aa-b84f-957c33ae6f8a,2026-01-13T03:27:52Z,359,359,359,359,359
7901508c-304f-49aa-b84f-957c33ae6f8a,2026-01-13T03:26:52Z,360,360,360,360,360
7901508c-304f-49aa-b84f-957c33ae6f8a,2026-01-13T03:25:52Z,361,361,361,361,361
7901508c-304f-49aa-b84f-957c33ae6f8a,2026-01-13T03:24:52Z,362,362,362,362,362
7901508c-304f-49aa-b84f-957c33ae6f8a,2026-01-13T03:23:52Z,363,363,363,363,363
7901508c-304f-49aa-b84f-957c33ae6f8a,2026-01-13T03:22:52Z,364,364,364,364,364
7901508c-304f-49aa-b84f-957c33ae6f8a,2026-01-13T03:21:52Z,365,365,365,365,365
7901508c-304f-49aa-b84f-957c33ae6f8a,2026-01-13T03:20:52Z,366,366,366,366,366
7901508c-304f-49aa-b84f-957c33ae6f8a,2026-01-13T03:19:52Z,367,367,367,367,367
7901508c-304f-49aa-b84f-957c33ae6f8a,2026-01-13T03:18:52Z,368,368,368,368,368
7901508c-304f-49aa-b84f-957c33ae6f8a,2026-01-13T03:17:52Z,369,369,369,369,369
7901508c-304f-49aa-b84f-957c33ae6f8a,2026-01-13T03:16:52Z,370,370,370,370,370
7901508c-304f-49aa-b84f-957c33ae6f8a,2026-01-13T03:15:52Z,371,371,371,371,371
7901508c-304f-49aa-b84f-957c33ae6f8a,2026-01-13T03:14:52Z,372,372,372,372,372
7901508c-304f-49aa-b84f-957c33ae6f8a,2026-01-13T03:13:52Z,373,373,373,373,373
7901508c-304f-49aa-b84f-957c33ae6f8a,2026-01-13T03:12:52Z,374,374,374,374,374
7901508c-304f-49aa-b84f-957c33ae6f8a,2026-01-13T03:11:52Z,375,375,375,375,375
7901508c-304f-49aa-b84f-957c33ae6f8a,2026-01-13T03:10:52Z,376,376,376,376,376
7901508c-304f-49aa-b84f-957c33ae6f8a,2026-01-13T03:09:52Z,377,377,377,377,377
7901508c-304f-49aa-b84f-957c33ae6f8a,2026-01-13T03:08:52Z,378,378,378,378,378
7901508c-304f-49aa-b84f-957c33ae6f8a,2026-01-13T03:07:52Z,379,379,379,379,379
7901508c-304f-49aa-b84f-957c33ae6f8a,2026-01-13T03:06:52Z,380,380,380,380,380
7901508c-304f-49aa-b84f-957c33ae6f8a,2026-01-13T03:05:52Z,381,381,381,381,381
7901508c-304f-49aa-b84f-957c33ae6f8a,2026-01-13T03:04:52Z,382,382,382,382,382
7901508c-304f-49aa-b84f-957c33ae6f8a,2026-01-13T03:03:52Z,383,383,383,383,383
7901508c-304f-49aa-b84f-957c33ae6f8a,2026-01-13T03:02:52Z,384,384,384,384,384
7901508c-304f-49aa-b84f-957c33ae6f8a,2026-01-13T03:01:52Z,385,385,385,385,385
7901508c-304f-49aa-b84f-957c33ae6f8a,2026-01-13T03:00:52Z,386,386,386,386,386
7901508c-304f-49aa-b84f-957c33ae6f8a,2026-01-13T02:59:52Z,387,387,387,387,387
7901508c-304f-49aa-b84f-957c33ae6f8a,2026-01-13T02:58:52Z,388,388,388,388,388
7901508c-304f-49aa-b84f-957c33ae6f8a,2026-01-13T02:57:52Z,389,389,389,389,389
7901508c-304f-49aa-b84f-957c33ae6f8a,2026-01-13T02:56:52Z,390,390,390,390,390
7901508c-304f-49aa-b84f-957c33ae6f8a,2026-01-13T02:55:52Z,391,391,391,391,391
7901508c-304f-49aa-b84f-957c33ae6f8a,2026-01-13T02:54:52Z,392,392,392,392,392
7901508c-304f-49aa-b84f-957c33ae6f8a,2026-01-13T02:53:52Z,393,393,393,393,393
7901508c-304f-49aa-b84f-957c33ae6f8a,2026-01-13T02:52:52Z,394,394,394,394,394
7901508c-304f-49aa-b84f-957c33ae6f8a,2026-01-13T02:51:52Z,395,395,395,395,395
7901508c-304f-49aa-b84f-957c33ae6f8a,2026-01-13T02:50:52Z,396,396,396,396,396
7901508c-304f-49aa-b84f-957c33ae6f8a,2026-01-13T02:49:52Z,397,397,397,397,397
7901508c-304f-49aa-b84f-957c33ae6f8a,2026-01-13T02:48:52Z,398,398,398,398,398
7901508c-304f-49aa-b84f-957c33ae6f8a,2026-01-13T02:47:52Z,399,399,399,399,399
7901508c-304f-49aa-b84f-957c33ae6f8a,2026-01-13T02:46:52Z,400,400,400,400,400
7901508c-304f-49aa-b84f-957c33ae6f8a,2026-01-13T02:45:52Z,401,401,401,401,401
7901508c-304f-49aa-b84f-957c33ae6f8a,2026-01-13T02:44:52Z,402,402,402,402,402
7901508c-304f-49aa-b84f-957c33ae6f8a,2026-01-13T02:43:52Z,403,403,403,403,403
7901508c-304f-49aa-b84f-957c33ae6f8a,2026-01-13T02:42:52Z,404,404,404,404,404
7901508c-304f-49aa-b84f-957c33ae6f8a,2026-01-13T02:41:52Z,405,405,405,405,405
7901508c-304f-49aa-b84f-957c33ae6f8a,2026-01-13T02:40:52Z,406,406,406,406,406
7901508c-304f-49aa-b84f-957c33ae6f8a,2026-01-13T02:39:52Z,407,407,407,407,407
7901508c-304f-49aa-b84f-957c33ae6f8a,2026-01-13T02:38:52Z,408,408,408,408,408
7901508c-304f-49aa-b84f-957c33ae6f8a,2026-01-13T02:37:52Z,409,409,409,409,409
7901508c-304f-49aa-b84f-957c33ae6f8a,2026-01-13T02:36:52Z,410,410,410,410,410
7901508c-304f-49aa-b84f-957c33ae6f8a,2026-01-13T02:35:52Z,411,411,411,411,411
7901508c-304f-49aa-b84f-957c33ae6f8a,2026-01-13T02:34:52Z,412,412,412,412,412
7901508c-304f-49aa-b84f-957c33ae6f8a,2026-01-13T02:33:52Z,413,413,413,413,413
7901508c-304f-49aa-b84f-957c33ae6f8a,2026-01-13T02:32:52Z,414,414,414,414,414
7901508c-304f-49aa-b84f-957c33ae6f8a,2026-01-13T02:31:52Z,415,415,415,415,415
7901508c-304f-49aa-b84f-957c33ae6f8a,2026-01-13T02:30:52Z,416,416,416,416,416
7901508c-304f-49aa-b84f-957c33ae6f8a,2026-01-13T02:29:52Z,417,417,417,417,417
7901508c-304f-49aa-b84f-957c33ae6f8a,2026-01-13T02:28:52Z,418,418,418,418,418
7901508c-304f-49aa-b84f-957c33ae6f8a,2026-01-13T02:27:52Z,419,419,419,419,419
7901508c-304f-49aa-b84f-957c33ae6f8a,2026-01-13T02:26:52Z,420,420,420,420,420
7901508c-304f-49aa-b84f-957c33ae6f8a,2026-01-13T02:25:52Z,421,421,421,421,421
7901508c-304f-49aa-b84f-957c33ae6f8a,2026-01-13T02:24:52Z,422,422,422,422,422
7901508c-304f-49aa-b84f-957c33ae6f8a,2026-01-13T02:23:52Z,423,423,423,423,423
7901508c-304f-49aa-b84f-957c33ae6f8a,2026-01-13T02:22:52Z,424,424,424,424,424
7901508c-304f-49aa-b84f-957c33ae6f8a,2026-01-13T02:21:52Z,425,425,425,425,425
7901508c-304f-49aa-b84f-957c33ae6f8a,2026-01-13T02:20:52Z,426,426,426,426,426
7901508c-304f-49aa-b84f-957c33ae6f8a,2026-01-13T02:19:52Z,427,427,427,427,427
7901508c-304f-49aa-b84f-957c33ae6f8a,2026-01-13T02:18:52Z,428,428,428,428,428
7901508c-304f-49aa-b84f-957c33ae6f8a,2026-01-13T02:17:52Z,429,429,429,429,429
7901508c-304f-49aa-b84f-957c33ae6f8a,2026-01-13T02:16:52Z,430,430,430,430,430
7901508c-304f-49aa-b84f-957c33ae6f8a,2026-01-13T02:15:52Z,431,431,431,431,431
7901508c-304f-49aa-b84f-957c33ae6f8a,2026-01-13T02:14:52Z,432,432,432,432,432
7901508c-304f-49aa-b84f-957c33ae6f8a,2026-01-13T02:13:52Z,433,433,433,433,433
7901508c-304f-49aa-b84f-957c33ae6f8a,2026-01-13T02:12:52Z,434,434,434,434,434
7901508c-304f-49aa-b84f-957c33ae6f8a,2026-01-13T02:11:52Z,435,435,435,435,435
7901508c-304f-49aa-b84f-957c33ae6f8a,2026-01-13T02:10:52Z,436,436,436,436,436
7901508c-304f-49aa-b84f-957c33ae6f8a,2026-01-13T02:09:52Z,437,437,437,437,437
7901508c-304f-49aa-b84f-957c33ae6f8a,2026-01-13T02:08:52Z,438,438,438,438,438
7901508c-304f-49aa-b84f-957c33ae6f8a,2026-01-13T02:07:52Z,439,439,439,439,439
7901508c-304f-49aa-b84f-957c33ae6f8a,2026-01-13T02:06:52Z,440,440,440,440,440
7901508c-304f-49aa-b84f-957c33ae6f8a,2026-01-13T02:05:52Z,441,441,441,441,441
7901508c-304f-49aa-b84f-957c33ae6f8a,2026-01-13T02:04:52Z,442,442,442,442,442
7901508c-304f-49aa-b84f-957c33ae6f8a,2026-01-13T02:03:52Z,443,443,443,443,443
7901508c-304f-49aa-b84f-957c33ae6f8a,2026-01-13T02:02:52Z,444,444,444,444,444
7901508c-304f-49aa-b84f-957c33ae6f8a,2026-01-13T02:01:52Z,445,445,445,445,445
7901508c-304f-49aa-b84f-957c33ae6f8a,2026-01-13T02:00:52Z,446,446,446,446,446
7901508c-304f-49aa-b84f-957c33ae6f8a,2026-01-13T01:59:52Z,447,447,447,447,447
7901508c-304f-49aa-b84f-957c33ae6f8a,2026-01-13T01:58:52Z,448,448,448,448,448
7901508c-304f-49aa-b84f-957c33ae6f8a,2026-01-13T01:57:52Z,449,449,449,449,449
7901508c-304f-49aa-b84f-957c33ae6f8a,2026-01-13T01:56:52Z,450,450,450,450,450
7901508c-304f-49aa-b84f-957c33ae6f8a,2026-01-13T01:55:52Z,451,451,451,451,451
7901508c-304f-49aa-b84f-957c33ae6f8a,2026-01-13T01:54:52Z,452,452,452,452,452
7901508c-304f-49aa-b84f-957c33ae6f8a,2026-01-13T01:53:52Z,453,453,453,453,453
7901508c-304f-49aa-b84f-957c33ae6f8a,2026-01-13T01:52:52Z,454,454,454,454,454
7901508c-304f-49aa-b84f-957c33ae6f8a,2026-01-13T01:51:52Z,455,455,455,455,455
7901508c-304f-49aa-b84f-957c33ae6f8a,2026-01-13T01:50:52Z,456,456,456,456,456
7901508c-304f-49aa-b84f-957c33ae6f8a,2026-01-13T01:49:52Z,457,457,457,457,457
7901508c-304f-49aa-b84f-957c33ae6f8a,2026-01-13T01:48:52Z,458,458,458,458,458
7901508c-304f-49aa-b84f-957c33ae6f8a,2026-01-13T01:47:52Z,459,459,459,459,459
7901508c-304f-49aa-b84f-957c33ae6f8a,2026-01-13T01:46:52Z,460,460,460,460,460
7901508c-304f-49aa-b84f-957c33ae6f8a,2026-01-13T01:45:52Z,461,461,461,461,461
7901508c-304f-49aa-b84f-957c33ae6f8a,2026-01-13T01:44:52Z,462,462,462,462,462
7901508c-304f-49aa-b84f-957c33ae6f8a,2026-01-13T01:43:52Z,463,463,463,463,463
7901508c-304f-49aa-b84f-957c33ae6f8a,2026-01-13T01:42:52Z,464,464,464,464,464
7901508c-304f-49aa-b84f-957c33ae6f8a,2026-01-13T01:41:52Z,465,465,465,465,465
7901508c-304f-49aa-b84f-957c33ae6f8a,2026-01-13T01:40:52Z,466,466,466,466,466
7901508c-304f-49aa-b84f-957c33ae6f8a,2026-01-13T01:39:52Z,467,467,467,467,467
7901508c-304f-49aa-b84f-957c33ae6f8a,2026-01-13T01:38:52Z,468,468,468,468,468
7901508c-304f-49aa-b84f-957c33ae6f8a,2026-01-13T01:37:52Z,469,469,469,469,469
7901508c-304f-49aa-b84f-957c33ae6f8a,2026-01-13T01:36:52Z,470,470,470,470,470
7901508c-304f-49aa-b84f-957c33ae6f8a,2026-01-13T01:35:52Z,471,471,471,471,471
7901508c-304f-49aa-b84f-957c33ae6f8a,2026-01-13T01:34:52Z,472,472,472,472,472
7901508c-304f-49aa-b84f-957c33ae6f8a,2026-01-13T01:33:52Z,473,473,473,473,473
7901508c-304f-49aa-b84f-957c33ae6f8a,2026-01-13T01:32:52Z,474,474,474,474,474
7901508c-304f-49aa-b84f-957c33ae6f8a,2026-01-13T01:31:52Z,475,475,475,475,475
7901508c-304f-49aa-b84f-957c33ae6f8a,2026-01-13T01:30:52Z,476,476,476,476,476
7901508c-304f-49aa-b84f-957c33ae6f8a,2026-01-13T01:29:52Z,477,477,477,477,477
7901508c-304f-49aa-b84f-957c33ae6f8a,2026-01-13T01:28:52Z,478,478,478,478,478
7901508c-304f-49aa-b84f-957c33ae6f8a,2026-01-13T01:27:52Z,479,479,479,479,479
7901508c-304f-49aa-b84f-957c33ae6f8a,2026-01-13T01:26:52Z,480,480,480,480,480
7901508c-304f-49aa-b84f-957c33ae6f8a,2026-01-13T01:25:52Z,481,481,481,481,481
7901508c-304f-49aa-b84f-957c33ae6f8a,2026-01-13T01:24:52Z,482,482,482,482,482
7901508c-304f-49aa-b84f-957c33ae6f8a,2026-01-13T01:23:52Z,483,483,483,483,483
7901508c-304f-49aa-b84f-957c33ae6f8a,2026-01-13T01:22:52Z,484,484,484,484,484
7901508c-304f-49aa-b84f-957c33ae6f8a,2026-01-13T01:21:52Z,485,485,485,485,485
7901508c-304f-49aa-b84f-957c33ae6f8a,2026-01-13T01:20:52Z,486,486,486,486,486
7901508c-304f-49aa-b84f-957c33ae6f8a,2026-01-13T01:19:52Z,487,487,487,487,487
7901508c-304f-49aa-b84f-957c33ae6f8a,2026-01-13T01:18:52Z,488,488,488,488,488
7901508c-304f-49aa-b84f-957c33ae6f8a,2026-01-13T01:17:52Z,489,489,489,489,489
7901508c-304f-49aa-b84f-957c33ae6f8a,2026-01-13T01:16:52Z,490,490,490,490,490
7901508c-304f-49aa-b84f-957c33ae6f8a,2026-01-13T01:15:52Z,491,491,491,491,491
7901508c-304f-49aa-b84f-957c33ae6f8a,2026-01-13T01:14:52Z,492,492,492,492,492
7901508c-304f-49aa-b84f-957c33ae6f8a,2026-01-13T01:13:52Z,493,493,493,493,493
7901508c-304f-49aa-b84f-957c33ae6f8a,2026-01-13T01:12:52Z,494,494,494,494,494
7901508c-304f-49aa-b84f-957c33ae6f8a,2026-01-13T01:11:52Z,495,495,495,495,495
7901508c-304f-49aa-b84f-957c33ae6f8a,2026-01-13T01:10:52Z,496,496,496,496,496
7901508c-304f-49aa-b84f-957c33ae6f8a,2026-01-13T01:09:52Z,497,497,497,497,497
7901508c-304f-49aa-b84f-957c33ae6f8a,2026-01-13T01:08:52Z,498,498,498,498,498
7901508c-304f-49aa-b84f-957c33ae6f8a,2026-01-13T01:07:52Z,499,499,499,499,499
7901508c-304f-49aa-b84f-957c33ae6f8a,2026-01-13T01:06:52Z,500,500,500,500,500
7901508c-304f-49aa-b84f-957c33ae6f8a,2026-01-13T01:05:52Z,501,501,501,501,501
7901508c-304f-49aa-b84f-957c33ae6f8a,2026-01-13T01:04:52Z,502,502,502,502,502
7901508c-304f-49aa-b84f-957c33ae6f8a,2026-01-13T01:03:52Z,503,503,503,503,503
7901508c-304f-49aa-b84f-957c33ae6f8a,2026-01-13T01:02:52Z,504,504,504,504,504
7901508c-304f-49aa-b84f-957c33ae6f8a,2026-01-13T01:01:52Z,505,505,505,505,505
7901508c-304f-49aa-b84f-957c33ae6f8a,2026-01-13T01:00:52Z,506,506,506,506,506
7901508c-304f-49aa-b84f-957c33ae6f8a,2026-01-13T00:59:52Z,507,507,507,507,507
7901508c-304f-49aa-b84f-957c33ae6f8a,2026-01-13T00:58:52Z,508,508,508,508,508
7901508c-304f-49aa-b84f-957c33ae6f8a,2026-01-13T00:57:52Z,509,509,509,509,509
7901508c-304f-49aa-b84f-957c33ae6f8a,2026-01-13T00:56:52Z,510,510,510,510,510
7901508c-304f-49aa-b84f-957c33ae6f8a,2026-01-13T00:55:52Z,511,511,511,511,511
7901508c-304f-49aa-b84f-957c33ae6f8a,2026-01-13T00:54:52Z,512,512,512,512,512
7901508c-304f-49aa-b84f-957c33ae6f8a,2026-01-13T00:53:52Z,513,513,513,513,513
7901508c-304f-49aa-b84f-957c33ae6f8a,2026-01-13T00:52:52Z,514,514,514,514,514
7901508c-304f-49aa-b84f-957c33ae6f8a,2026-01-13T00:51:52Z,515,515,515,515,515
7901508c-304f-49aa-b84f-957c33ae6f8a,2026-01-13T00:50:52Z,516,516,516,516,516
7901508c-304f-49aa-b84f-957c33ae6f8a,2026-01-13T00:49:52Z,517,517,517,517,517
7901508c-304f-49aa-b84f-957c33ae6f8a,2026-01-13T00:48:52Z,518,518,518,518,518
7901508c-304f-49aa-b84f-957c33ae6f8a,2026-01-13T00:47:52Z,519,519,519,519,519
7901508c-304f-49aa-b84f-957c33ae6f8a,2026-01-13T00:46:52Z,520,520,520,520,520
7901508c-304f-49aa-b84f-957c33ae6f8a,2026-01-13T00:45:52Z,521,521,521,521,521
7901508c-304f-49aa-b84f-957c33ae6f8a,2026-01-13T00:44:52Z,522,522,522,522,522
7901508c-304f-49aa-b84f-957c33ae6f8a,2026-01-13T00:43:52Z,523,523,523,523,523
7901508c-304f-49aa-b84f-957c33ae6f8a,2026-01-13T00:42:52Z,524,524,524,524,524
7901508c-304f-49aa-b84f-957c33ae6f8a,2026-01-13T00:41:52Z,525,525,525,525,525
7901508c-304f-49aa-b84f-957c33ae6f8a,2026-01-13T00:40:52Z,526,526,526,526,526
7901508c-304f-49aa-b84f-957c33ae6f8a,2026-01-13T00:39:52Z,527,527,527,527,527
7901508c-304f-49aa-b84f-957c33ae6f8a,2026-01-13T00:38:52Z,528,528,528,528,528
7901508c-304f-49aa-b84f-957c33ae6f8a,2026-01-13T00:37:52Z,529,529,529,529,529
7901508c-304f-49aa-b84f-957c33ae6f8a,2026-01-13T00:36:52Z,530,530,530,530,530
7901508c-304f-49aa-b84f-957c33ae6f8a,2026-01-13T00:35:52Z,531,531,531,531,531
7901508c-304f-49aa-b84f-957c33ae6f8a,2026-01-13T00:34:52Z,532,532,532,532,532
7901508c-304f-49aa-b84f-957c33ae6f8a,2026-01-13T00:33:52Z,533,533,533,533,533
7901508c-304f-49aa-b84f-957c33ae6f8a,2026-01-13T00:32:52Z,534,534,534,534,534
7901508c-304f-49aa-b84f-957c33ae6f8a,2026-01-13T00:31:52Z,535,535,535,535,535
7901508c-304f-49aa-b84f-957c33ae6f8a,2026-01-13T00:30:52Z,536,536,536,536,536
7901508c-304f-49aa-b84f-957c33ae6f8a,2026-01-13T00:29:52Z,537,537,537,537,537
7901508c-304f-49aa-b84f-957c33ae6f8a,2026-01-13T00:28:52Z,538,538,538,538,538
7901508c-304f-49aa-b84f-957c33ae6f8a,2026-01-13T00:27:52Z,539,539,539,539,539
7901508c-304f-49aa-b84f-957c33ae6f8a,2026-01-13T00:26:52Z,540,540,540,540,540
7901508c-304f-49aa-b84f-957c33ae6f8a,2026-01-13T00:25:52Z,541,541,541,541,541
7901508c-304f-49aa-b84f-957c33ae6f8a,2026-01-13T00:24:52Z,542,542,542,542,542
7901508c-304f-49aa-b84f-957c33ae6f8a,2026-01-13T00:23:52Z,543,543,543,543,543
7901508c-304f-49aa-b84f-957c33ae6f8a,2026-01-13T00:22:52Z,544,544,544,544,544
7901508c-304f-49aa-b84f-957c33ae6f8a,2026-01-13T00:21:52Z,545,545,545,545,545
7901508c-304f-49aa-b84f-957c33ae6f8a,2026-01-13T00:20:52Z,546,546,546,546,546
7901508c-304f-49aa-b84f-957c33ae6f8a,2026-01-13T00:19:52Z,547,547,547,547,547
7901508c-304f-49aa-b84f-957c33ae6f8a,2026-01-13T00:18:52Z,548,548,548,548,548
7901508c-304f-49aa-b84f-957c33ae6f8a,2026-01-13T00:17:52Z,549,549,549,549,549
7901508c-304f-49aa-b84f-957c33ae6f8a,2026-01-13T00:16:52Z,550,550,550,550,550
7901508c-304f-49aa-b84f-957c33ae6f8a,2026-01-13T00:15:52Z,551,551,551,551,551
7901508c-304f-49aa-b84f-957c33ae6f8a,2026-01-13T00:14:52Z,552,552,552,552,552
7901508c-304f-49aa-b84f-957c33ae6f8a,2026-01-13T00:13:52Z,553,553,553,553,553
7901508c-304f-49aa-b84f-957c33ae6f8a,2026-01-13T00:12:52Z,554,554,554,554,554
7901508c-304f-49aa-b84f-957c33ae6f8a,2026-01-13T00:11:52Z,555,555,555,555,555
7901508c-304f-49aa-b84f-957c33ae6f8a,2026-01-13T00:10:52Z,556,556,556,556,556
7901508c-304f-49aa-b84f-957c33ae6f8a,2026-01-13T00:09:52Z,557,557,557,557,557
7901508c-304f-49aa-b84f-957c33ae6f8a,2026-01-13T00:08:52Z,558,558,558,558,558
7901508c-304f-49aa-b84f-957c33ae6f8a,2026-01-13T00:07:52Z,559,559,559,559,559
7901508c-304f-49aa-b84f-957c33ae6f8a,2026-01-13T00:06:52Z,560,560,560,560,560
7901508c-304f-49aa-b84f-957c33ae6f8a,2026-01-13T00:05:52Z,561,561,561,561,561
7901508c-304f-49aa-b84f-957c33ae6f8a,2026-01-13T00:04:52Z,562,562,562,562,562
7901508c-304f-49aa-b84f-957c33ae6f8a,2026-01-13T00:03:52Z,563,563,563,563,563
7901508c-304f-49aa-b84f-957c33ae6f8a,2026-01-13T00:02:52Z,564,564,564,564,564
7901508c-304f-49aa-b84f-957c33ae6f8a,2026-01-13T00:01:52Z,565,565,565,565,565
7901508c-304f-49aa-b84f-957c33ae6f8a,2026-01-13T00:00:52Z,566,566,566,566,566
7901508c-304f-49aa-b84f-957c33ae6f8a,2026-01-12T23:59:52Z,567,567,567,567,567
7901508c-304f-49aa-b84f-957c33ae6f8a,2026-01-12T23:58:52Z,568,568,568,568,568
7901508c-304f-49aa-b84f-957c33ae6f8a,2026-01-12T23:57:52Z,569,569,569,569,569
7901508c-304f-49aa-b84f-957c33ae6f8a,2026-01-12T23:56:52Z,570,570,570,570,570
7901508c-304f-49aa-b84f-957c33ae6f8a,2026-01-12T23:55:52Z,571,571,571,571,571
7901508c-304f-49aa-b84f-957c33ae6f8a,2026-01-12T23:54:52Z,572,572,572,572,572
7901508c-304f-49aa-b84f-957c33ae6f8a,2026-01-12T23:53:52Z,573,573,573,573,573
7901508c-304f-49aa-b84f-957c33ae6f8a,2026-01-12T23:52:52Z,574,574,574,574,574
7901508c-304f-49aa-b84f-957c33ae6f8a,2026-01-12T23:51:52Z,575,575,575,575,575
7901508c-304f-49aa-b84f-957c33ae6f8a,2026-01-12T23:50:52Z,576,576,576,576,576
7901508c-304f-49aa-b84f-957c33ae6f8a,2026-01-12T23:49:52Z,577,577,577,577,577
7901508c-304f-49aa-b84f-957c33ae6f8a,2026-01-12T23:48:52Z,578,578,578,578,578
7901508c-304f-49aa-b84f-957c33ae6f8a,2026-01-12T23:47:52Z,579,579,579,579,579
7901508c-304f-49aa-b84f-957c33ae6f8a,2026-01-12T23:46:52Z,580,580,580,580,580
7901508c-304f-49aa-b84f-957c33ae6f8a,2026-01-12T23:45:52Z,581,581,581,581,581
7901508c-304f-49aa-b84f-957c33ae6f8a,2026-01-12T23:44:52Z,582,582,582,582,582
7901508c-304f-49aa-b84f-957c33ae6f8a,2026-01-12T23:43:52Z,583,583,583,583,583
7901508c-304f-49aa-b84f-957c33ae6f8a,2026-01-12T23:42:52Z,584,584,584,584,584
7901508c-304f-49aa-b84f-957c33ae6f8a,2026-01-12T23:41:52Z,585,585,585,585,585
7901508c-304f-49aa-b84f-957c33ae6f8a,2026-01-12T23:40:52Z,586,586,586,586,586
7901508c-304f-49aa-b84f-957c33ae6f8a,2026-01-12T23:39:52Z,587,587,587,587,587
7901508c-304f-49aa-b84f-957c33ae6f8a,2026-01-12T23:38:52Z,588,588,588,588,588
7901508c-304f-49aa-b84f-957c33ae6f8a,2026-01-12T23:37:52Z,589,589,589,589,589
7901508c-304f-49aa-b84f-957c33ae6f8a,2026-01-12T23:36:52Z,590,590,590,590,590
7901508c-304f-49aa-b84f-957c33ae6f8a,2026-01-12T23:35:52Z,591,591,591,591,591
7901508c-304f-49aa-b84f-957c33ae6f8a,2026-01-12T23:34:52Z,592,592,592,592,592
7901508c-304f-49aa-b84f-957c33ae6f8a,2026-01-12T23:33:52Z,593,593,593,593,593
7901508c-304f-49aa-b84f-957c33ae6f8a,2026-01-12T23:32:52Z,594,594,594,594,594
7901508c-304f-49aa-b84f-957c33ae6f8a,2026-01-12T23:31:52Z,595,595,595,595,595
7901508c-304f-49aa-b84f-957c33ae6f8a,2026-01-12T23:30:52Z,596,596,596,596,596
7901508c-304f-49aa-b84f-957c33ae6f8a,2026-01-12T23:29:52Z,597,597,597,597,597
7901508c-304f-49aa-b84f-957c33ae6f8a,2026-01-12T23:28:52Z,598,598,598,598,598
7901508c-304f-49aa-b84f-957c33ae6f8a,2026-01-12T23:27:52Z,599,599,599,599,599
7901508c-304f-49aa-b84f-957c33ae6f8a,2026-01-12T23:26:52Z,600,600,600,600,600
7901508c-304f-49aa-b84f-957c33ae6f8a,2026-01-12T23:25:52Z,601,601,601,601,601
7901508c-304f-49aa-b84f-957c33ae6f8a,2026-01-12T23:24:52Z,602,602,602,602,602
7901508c-304f-49aa-b84f-957c33ae6f8a,2026-01-12T23:23:52Z,603,603,603,603,603
7901508c-304f-49aa-b84f-957c33ae6f8a,2026-01-12T23:22:52Z,604,604,604,604,604
7901508c-304f-49aa-b84f-957c33ae6f8a,2026-01-12T23:21:52Z,605,605,605,605,605
7901508c-304f-49aa-b84f-957c33ae6f8a,2026-01-12T23:20:52Z,606,606,606,606,606
7901508c-304f-49aa-b84f-957c33ae6f8a,2026-01-12T23:19:52Z,607,607,607,607,607
7901508c-304f-49aa-b84f-957c33ae6f8a,2026-01-12T23:18:52Z,608,608,608,608,608
7901508c-304f-49aa-b84f-957c33ae6f8a,2026-01-12T23:17:52Z,609,609,609,609,609
7901508c-304f-49aa-b84f-957c33ae6f8a,2026-01-12T23:16:52Z,610,610,610,610,610
7901508c-304f-49aa-b84f-957c33ae6f8a,2026-01-12T23:15:52Z,611,611,611,611,611
7901508c-304f-49aa-b84f-957c33ae6f8a,2026-01-12T23:14:52Z,612,612,612,612,612
7901508c-304f-49aa-b84f-957c33ae6f8a,2026-01-12T23:13:52Z,613,613,613,613,613
7901508c-304f-49aa-b84f-957c33ae6f8a,2026-01-12T23:12:52Z,614,614,614,614,614
7901508c-304f-49aa-b84f-957c33ae6f8a,2026-01-12T23:11:52Z,615,615,615,615,615
7901508c-304f-49aa-b84f-957c33ae6f8a,2026-01-12T23:10:52Z,616,616,616,616,616
7901508c-304f-49aa-b84f-957c33ae6f8a,2026-01-12T23:09:52Z,617,617,617,617,617
7901508c-304f-49aa-b84f-957c33ae6f8a,2026-01-12T23:08:52Z,618,618,618,618,618
7901508c-304f-49aa-b84f-957c33ae6f8a,2026-01-12T23:07:52Z,619,619,619,619,619
7901508c-304f-49aa-b84f-957c33ae6f8a,2026-01-12T23:06:52Z,620,620,620,620,620
7901508c-304f-49aa-b84f-957c33ae6f8a,2026-01-12T23:05:52Z,621,621,621,621,621
7901508c-304f-49aa-b84f-957c33ae6f8a,2026-01-12T23:04:52Z,622,622,622,622,622
7901508c-304f-49aa-b84f-957c33ae6f8a,2026-01-12T23:03:52Z,623,623,623,623,623
7901508c-304f-49aa-b84f-957c33ae6f8a,2026-01-12T23:02:52Z,624,624,624,624,624
7901508c-304f-49aa-b84f-957c33ae6f8a,2026-01-12T23:01:52Z,625,625,625,625,625
7901508c-304f-49aa-b84f-957c33ae6f8a,2026-01-12T23:00:52Z,626,626,626,626,626
7901508c-304f-49aa-b84f-957c33ae6f8a,2026-01-12T22:59:52Z,627,627,627,627,627
7901508c-304f-49aa-b84f-957c33ae6f8a,2026-01-12T22:58:52Z,628,628,628,628,628
7901508c-304f-49aa-b84f-957c33ae6f8a,2026-01-12T22:57:52Z,629,629,629,629,629
7901508c-304f-49aa-b84f-957c33ae6f8a,2026-01-12T22:56:52Z,630,630,630,630,630
7901508c-304f-49aa-b84f-957c33ae6f8a,2026-01-12T22:55:52Z,631,631,631,631,631
7901508c-304f-49aa-b84f-957c33ae6f8a,2026-01-12T22:54:52Z,632,632,632,632,632
7901508c-304f-49aa-b84f-957c33ae6f8a,2026-01-12T22:53:52Z,633,633,633,633,633
7901508c-304f-49aa-b84f-957c33ae6f8a,2026-01-12T22:52:52Z,634,634,634,634,634
7901508c-304f-49aa-b84f-957c33ae6f8a,2026-01-12T22:51:52Z,635,635,635,635,635
7901508c-304f-49aa-b84f-957c33ae6f8a,2026-01-12T22:50:52Z,636,636,636,636,636
7901508c-304f-49aa-b84f-957c33ae6f8a,2026-01-12T22:49:52Z,637,637,637,637,637
7901508c-304f-49aa-b84f-957c33ae6f8a,2026-01-12T22:48:52Z,638,638,638,638,638
7901508c-304f-49aa-b84f-957c33ae6f8a,2026-01-12T22:47:52Z,639,639,639,639,639
7901508c-304f-49aa-b84f-957c33ae6f8a,2026-01-12T22:46:52Z,640,640,640,640,640
7901508c-304f-49aa-b84f-957c33ae6f8a,2026-01-12T22:45:52Z,641,641,641,641,641
7901508c-304f-49aa-b84f-957c33ae6f8a,2026-01-12T22:44:52Z,642,642,642,642,642
7901508c-304f-49aa-b84f-957c33ae6f8a,2026-01-12T22:43:52Z,643,643,643,643,643
7901508c-304f-49aa-b84f-957c33ae6f8a,2026-01-12T22:42:52Z,644,644,644,644,644
7901508c-304f-49aa-b84f-957c33ae6f8a,2026-01-12T22:41:52Z,645,645,645,645,645
7901508c-304f-49aa-b84f-957c33ae6f8a,2026-01-12T22:40:52Z,646,646,646,646,646
7901508c-304f-49aa-b84f-957c33ae6f8a,2026-01-12T22:39:52Z,647,647,647,647,647
7901508c-304f-49aa-b84f-957c33ae6f8a,2026-01-12T22:38:52Z,648,648,648,648,648
7901508c-304f-49aa-b84f-957c33ae6f8a,2026-01-12T22:37:52Z,649,649,649,649,649
7901508c-304f-49aa-b84f-957c33ae6f8a,2026-01-12T22:36:52Z,650,650,650,650,650
7901508c-304f-49aa-b84f-957c33ae6f8a,2026-01-12T22:35:52Z,651,651,651,651,651
7901508c-304f-49aa-b84f-957c33ae6f8a,2026-01-12T22:34:52Z,652,652,652,652,652
7901508c-304f-49aa-b84f-957c33ae6f8a,2026-01-12T22:33:52Z,653,653,653,653,653
7901508c-304f-49aa-b84f-957c33ae6f8a,2026-01-12T22:32:52Z,654,654,654,654,654
7901508c-304f-49aa-b84f-957c33ae6f8a,2026-01-12T22:31:52Z,655,655,655,655,655
7901508c-304f-49aa-b84f-957c33ae6f8a,2026-01-12T22:30:52Z,656,656,656,656,656
7901508c-304f-49aa-b84f-957c33ae6f8a,2026-01-12T22:29:52Z,657,657,657,657,657
7901508c-304f-49aa-b84f-957c33ae6f8a,2026-01-12T22:28:52Z,658,658,658,658,658
7901508c-304f-49aa-b84f-957c33ae6f8a,2026-01-12T22:27:52Z,659,659,659,659,659
7901508c-304f-49aa-b84f-957c33ae6f8a,2026-01-12T22:26:52Z,660,660,660,660,660
7901508c-304f-49aa-b84f-957c33ae6f8a,2026-01-12T22:25:52Z,661,661,661,661,661
7901508c-304f-49aa-b84f-957c33ae6f8a,2026-01-12T22:24:52Z,662,662,662,662,662
7901508c-304f-49aa-b84f-957c33ae6f8a,2026-01-12T22:23:52Z,663,663,663,663,663
7901508c-304f-49aa-b84f-957c33ae6f8a,2026-01-12T22:22:52Z,664,664,664,664,664
7901508c-304f-49aa-b84f-957c33ae6f8a,2026-01-12T22:21:52Z,665,665,665,665,665
7901508c-304f-49aa-b84f-957c33ae6f8a,2026-01-12T22:20:52Z,666,666,666,666,666
7901508c-304f-49aa-b84f-957c33ae6f8a,2026-01-12T22:19:52Z,667,667,667,667,667
7901508c-304f-49aa-b84f-957c33ae6f8a,2026-01-12T22:18:52Z,668,668,668,668,668
7901508c-304f-49aa-b84f-957c33ae6f8a,2026-01-12T22:17:52Z,669,669,669,669,669
7901508c-304f-49aa-b84f-957c33ae6f8a,2026-01-12T22:16:52Z,670,670,670,670,670
7901508c-304f-49aa-b84f-957c33ae6f8a,2026-01-12T22:15:52Z,671,671,671,671,671
7901508c-304f-49aa-b84f-957c33ae6f8a,2026-01-12T22:14:52Z,672,672,672,672,672
7901508c-304f-49aa-b84f-957c33ae6f8a,2026-01-12T22:13:52Z,673,673,673,673,673
7901508c-304f-49aa-b84f-957c33ae6f8a,2026-01-12T22:12:52Z,674,674,674,674,674
7901508c-304f-49aa-b84f-957c33ae6f8a,2026-01-12T22:11:52Z,675,675,675,675,675
7901508c-304f-49aa-b84f-957c33ae6f8a,2026-01-12T22:10:52Z,676,676,676,676,676
7901508c-304f-49aa-b84f-957c33ae6f8a,2026-01-12T22:09:52Z,677,677,677,677,677
7901508c-304f-49aa-b84f-957c33ae6f8a,2026-01-12T22:08:52Z,678,678,678,678,678
7901508c-304f-49aa-b84f-957c33ae6f8a,2026-01-12T22:07:52Z,679,679,679,679,679
7901508c-304f-49aa-b84f-957c33ae6f8a,2026-01-12T22:06:52Z,680,680,680,680,680
7901508c-304f-49aa-b84f-957c33ae6f8a,2026-01-12T22:05:52Z,681,681,681,681,681
7901508c-304f-49aa-b84f-957c33ae6f8a,2026-01-12T22:04:52Z,682,682,682,682,682
7901508c-304f-49aa-b84f-957c33ae6f8a,2026-01-12T22:03:52Z,683,683,683,683,683
7901508c-304f-49aa-b84f-957c33ae6f8a,2026-01-12T22:02:52Z,684,684,684,684,684
7901508c-304f-49aa-b84f-957c33ae6f8a,2026-01-12T22:01:52Z,685,685,685,685,685
7901508c-304f-49aa-b84f-957c33ae6f8a,2026-01-12T22:00:52Z,686,686,686,686,686
7901508c-304f-49aa-b84f-957c33ae6f8a,2026-01-12T21:59:52Z,687,687,687,687,687
7901508c-304f-49aa-b84f-957c33ae6f8a,2026-01-12T21:58:52Z,688,688,688,688,688
7901508c-304f-49aa-b84f-957c33ae6f8a,2026-01-12T21:57:52Z,689,689,689,689,689
7901508c-304f-49aa-b84f-957c33ae6f8a,2026-01-12T21:56:52Z,690,690,690,690,690
7901508c-304f-49aa-b84f-957c33ae6f8a,2026-01-12T21:55:52Z,691,691,691,691,691
7901508c-304f-49aa-b84f-957c33ae6f8a,2026-01-12T21:54:52Z,692,692,692,692,692
7901508c-304f-49aa-b84f-957c33ae6f8a,2026-01-12T21:53:52Z,693,693,693,693,693
7901508c-304f-49aa-b84f-957c33ae6f8a,2026-01-12T21:52:52Z,694,694,694,694,694
7901508c-304f-49aa-b84f-957c33ae6f8a,2026-01-12T21:51:52Z,695,695,695,695,695
7901508c-304f-49aa-b84f-957c33ae6f8a,2026-01-12T21:50:52Z,696,696,696,696,696
7901508c-304f-49aa-b84f-957c33ae6f8a,2026-01-12T21:49:52Z,697,697,697,697,697
7901508c-304f-49aa-b84f-957c33ae6f8a,2026-01-12T21:48:52Z,698,698,698,698,698
7901508c-304f-49aa-b84f-957c33ae6f8a,2026-01-12T21:47:52Z,699,699,699,699,699
7901508c-304f-49aa-b84f-957c33ae6f8a,2026-01-12T21:46:52Z,700,700,700,700,700
7901508c-304f-49aa-b84f-957c33ae6f8a,2026-01-12T21:45:52Z,701,701,701,701,701
7901508c-304f-49aa-b84f-957c33ae6f8a,2026-01-12T21:44:52Z,702,702,702,702,702
7901508c-304f-49aa-b84f-957c33ae6f8a,2026-01-12T21:43:52Z,703,703,703,703,703
7901508c-304f-49aa-b84f-957c33ae6f8a,2026-01-12T21:42:52Z,704,704,704,704,704
7901508c-304f-49aa-b84f-957c33ae6f8a,2026-01-12T21:41:52Z,705,705,705,705,705
7901508c-304f-49aa-b84f-957c33ae6f8a,2026-01-12T21:40:52Z,706,706,706,706,706
7901508c-304f-49aa-b84f-957c33ae6f8a,2026-01-12T21:39:52Z,707,707,707,707,707
7901508c-304f-49aa-b84f-957c33ae6f8a,2026-01-12T21:38:52Z,708,708,708,708,708
7901508c-304f-49aa-b84f-957c33ae6f8a,2026-01-12T21:37:52Z,709,709,709,709,709
7901508c-304f-49aa-b84f-957c33ae6f8a,2026-01-12T21:36:52Z,710,710,710,710,710
7901508c-304f-49aa-b84f-957c33ae6f8a,2026-01-12T21:35:52Z,711,711,711,711,711
7901508c-304f-49aa-b84f-957c33ae6f8a,2026-01-12T21:34:52Z,712,712,712,712,712
7901508c-304f-49aa-b84f-957c33ae6f8a,2026-01-12T21:33:52Z,713,713,713,713,713
7901508c-304f-49aa-b84f-957c33ae6f8a,2026-01-12T21:32:52Z,714,714,714,714,714
7901508c-304f-49aa-b84f-957c33ae6f8a,2026-01-12T21:31:52Z,715,715,715,715,715
7901508c-304f-49aa-b84f-957c33ae6f8a,2026-01-12T21:30:52Z,716,716,716,716,716
7901508c-304f-49aa-b84f-957c33ae6f8a,2026-01-12T21:29:52Z,717,717,717,717,717
7901508c-304f-49aa-b84f-957c33ae6f8a,2026-01-12T21:28:52Z,718,718,718,718,718
7901508c-304f-49aa-b84f-957c33ae6f8a,2026-01-12T21:27:52Z,719,719,719,719,719
7901508c-304f-49aa-b84f-957c33ae6f8a,2026-01-12T21:26:52Z,720,720,720,720,720
7901508c-304f-49aa-b84f-957c33ae6f8a,2026-01-12T21:25:52Z,721,721,721,721,721
7901508c-304f-49aa-b84f-957c33ae6f8a,2026-01-12T21:24:52Z,722,722,722,722,722
7901508c-304f-49aa-b84f-957c33ae6f8a,2026-01-12T21:23:52Z,723,723,723,723,723
7901508c-304f-49aa-b84f-957c33ae6f8a,2026-01-12T21:22:52Z,724,724,724,724,724
7901508c-304f-49aa-b84f-957c33ae6f8a,2026-01-12T21:21:52Z,725,725,725,725,725
7901508c-304f-49aa-b84f-957c33ae6f8a,2026-01-12T21:20:52Z,726,726,726,726,726
7901508c-304f-49aa-b84f-957c33ae6f8a,2026-01-12T21:19:52Z,727,727,727,727,727
7901508c-304f-49aa-b84f-957c33ae6f8a,2026-01-12T21:18:52Z,728,728,728,728,728
7901508c-304f-49aa-b84f-957c33ae6f8a,2026-01-12T21:17:52Z,729,729,729,729,729
7901508c-304f-49aa-b84f-957c33ae6f8a,2026-01-12T21:16:52Z,730,730,730,730,730
7901508c-304f-49aa-b84f-957c33ae6f8a,2026-01-12T21:15:52Z,731,731,731,731,731
7901508c-304f-49aa-b84f-957c33ae6f8a,2026-01-12T21:14:52Z,732,732,732,732,732
7901508c-304f-49aa-b84f-957c33ae6f8a,2026-01-12T21:13:52Z,733,733,733,733,733
7901508c-304f-49aa-b84f-957c33ae6f8a,2026-01-12T21:12:52Z,734,734,734,734,734
7901508c-304f-49aa-b84f-957c33ae6f8a,2026-01-12T21:11:52Z,735,735,735,735,735
7901508c-304f-49aa-b84f-957c33ae6f8a,2026-01-12T21:10:52Z,736,736,736,736,736
7901508c-304f-49aa-b84f-957c33ae6f8a,2026-01-12T21:09:52Z,737,737,737,737,737
7901508c-304f-49aa-b84f-957c33ae6f8a,2026-01-12T21:08:52Z,738,738,738,738,738
7901508c-304f-49aa-b84f-957c33ae6f8a,2026-01-12T21:07:52Z,739,739,739,739,739
7901508c-304f-49aa-b84f-957c33ae6f8a,2026-01-12T21:06:52Z,740,740,740,740,740
7901508c-304f-49aa-b84f-957c33ae6f8a,2026-01-12T21:05:52Z,741,741,741,741,741
7901508c-304f-49aa-b84f-957c33ae6f8a,2026-01-12T21:04:52Z,742,742,742,742,742
7901508c-304f-49aa-b84f-957c33ae6f8a,2026-01-12T21:03:52Z,743,743,743,743,743
7901508c-304f-49aa-b84f-957c33ae6f8a,2026-01-12T21:02:52Z,744,744,744,744,744
7901508c-304f-49aa-b84f-957c33ae6f8a,2026-01-12T21:01:52Z,745,745,745,745,745
7901508c-304f-49aa-b84f-957c33ae6f8a,2026-01-12T21:00:52Z,746,746,746,746,746
7901508c-304f-49aa-b84f-957c33ae6f8a,2026-01-12T20:59:52Z,747,747,747,747,747
7901508c-304f-49aa-b84f-957c33ae6f8a,2026-01-12T20:58:52Z,748,748,748,748,748
7901508c-304f-49aa-b84f-957c33ae6f8a,2026-01-12T20:57:52Z,749,749,749,749,749
